what,kind,bundleId,bundleVersion,description,time
deactivated,workbench,org.eclipse.ui.workbench,3.7.1.v20120104-1859,"",1346601121888
activated,workbench,org.eclipse.ui.workbench,3.7.1.v20120104-1859,"",1346601122370
deactivated,workbench,org.eclipse.ui.workbench,3.7.1.v20120104-1859,"",1346601130464
activated,workbench,org.eclipse.ui.workbench,3.7.1.v20120104-1859,"",1346601139865
activated,editor,org.eclipse.jdt.ui,3.7.2.v20120109-1427,"org.eclipse.jdt.ui.CompilationUnitEditor",1346601144247
activated,view,org.eclipse.jdt.ui,3.7.2.v20120109-1427,"org.eclipse.jdt.ui.PackageExplorer",1346601144325
deactivated,workbench,org.eclipse.ui.workbench,3.7.1.v20120104-1859,"",1346601146044
activated,workbench,org.eclipse.ui.workbench,3.7.1.v20120104-1859,"",1346601147702
deactivated,workbench,org.eclipse.ui.workbench,3.7.1.v20120104-1859,"",1346601148507
activated,workbench,org.eclipse.ui.workbench,3.7.1.v20120104-1859,"",1346601150453
activated,editor,org.eclipse.jdt.ui,3.7.2.v20120109-1427,"org.eclipse.jdt.ui.CompilationUnitEditor",1346601153649
deactivated,workbench,org.eclipse.ui.workbench,3.7.1.v20120104-1859,"",1346601155193
activated,workbench,org.eclipse.ui.workbench,3.7.1.v20120104-1859,"",1346601158667
deactivated,workbench,org.eclipse.ui.workbench,3.7.1.v20120104-1859,"",1346601159729
activated,workbench,org.eclipse.ui.workbench,3.7.1.v20120104-1859,"",1346601161169
deactivated,workbench,org.eclipse.ui.workbench,3.7.1.v20120104-1859,"",1346601161614
activated,workbench,org.eclipse.ui.workbench,3.7.1.v20120104-1859,"",1346601162323
deactivated,workbench,org.eclipse.ui.workbench,3.7.1.v20120104-1859,"",1346601162948
activated,workbench,org.eclipse.ui.workbench,3.7.1.v20120104-1859,"",1346601163723
activated,view,org.eclipse.jdt.ui,3.7.2.v20120109-1427,"org.eclipse.jdt.ui.PackageExplorer",1346601167416
activated,editor,org.eclipse.jdt.ui,3.7.2.v20120109-1427,"org.eclipse.jdt.ui.CompilationUnitEditor",1346601167553
activated,view,org.eclipse.jdt.ui,3.7.2.v20120109-1427,"org.eclipse.jdt.ui.PackageExplorer",1346601167633
deactivated,workbench,org.eclipse.ui.workbench,3.7.1.v20120104-1859,"",1346601168769
activated,workbench,org.eclipse.ui.workbench,3.7.1.v20120104-1859,"",1346601175883
deactivated,workbench,org.eclipse.ui.workbench,3.7.1.v20120104-1859,"",1346601176449
activated,workbench,org.eclipse.ui.workbench,3.7.1.v20120104-1859,"",1346601176927
deactivated,workbench,org.eclipse.ui.workbench,3.7.1.v20120104-1859,"",1346601177470
activated,workbench,org.eclipse.ui.workbench,3.7.1.v20120104-1859,"",1346601177775
deactivated,workbench,org.eclipse.ui.workbench,3.7.1.v20120104-1859,"",1346601178227
activated,workbench,org.eclipse.ui.workbench,3.7.1.v20120104-1859,"",1346601178776
activated,editor,org.eclipse.jdt.ui,3.7.2.v20120109-1427,"org.eclipse.jdt.ui.CompilationUnitEditor",1346601182522
activated,view,org.eclipse.jdt.ui,3.7.2.v20120109-1427,"org.eclipse.jdt.ui.PackageExplorer",1346601182602
deactivated,workbench,org.eclipse.ui.workbench,3.7.1.v20120104-1859,"",1346601183182
activated,workbench,org.eclipse.ui.workbench,3.7.1.v20120104-1859,"",1346601192537
activated,editor,org.eclipse.jdt.ui,3.7.2.v20120109-1427,"org.eclipse.jdt.ui.CompilationUnitEditor",1346601198033
deactivated,workbench,org.eclipse.ui.workbench,3.7.1.v20120104-1859,"",1346601201122
activated,workbench,org.eclipse.ui.workbench,3.7.1.v20120104-1859,"",1346601221330
deactivated,workbench,org.eclipse.ui.workbench,3.7.1.v20120104-1859,"",1346601224754
activated,workbench,org.eclipse.ui.workbench,3.7.1.v20120104-1859,"",1346601225930
deactivated,workbench,org.eclipse.ui.workbench,3.7.1.v20120104-1859,"",1346601228069
activated,workbench,org.eclipse.ui.workbench,3.7.1.v20120104-1859,"",1346601229126
deactivated,workbench,org.eclipse.ui.workbench,3.7.1.v20120104-1859,"",1346601229766
activated,workbench,org.eclipse.ui.workbench,3.7.1.v20120104-1859,"",1346601230277
deactivated,workbench,org.eclipse.ui.workbench,3.7.1.v20120104-1859,"",1346601231426
activated,workbench,org.eclipse.ui.workbench,3.7.1.v20120104-1859,"",1346601233799
deactivated,workbench,org.eclipse.ui.workbench,3.7.1.v20120104-1859,"",1346601235007
activated,workbench,org.eclipse.ui.workbench,3.7.1.v20120104-1859,"",1346601236528
deactivated,workbench,org.eclipse.ui.workbench,3.7.1.v20120104-1859,"",1346601237395
activated,workbench,org.eclipse.ui.workbench,3.7.1.v20120104-1859,"",1346601332731
deactivated,workbench,org.eclipse.ui.workbench,3.7.1.v20120104-1859,"",1346601347279
activated,workbench,org.eclipse.ui.workbench,3.7.1.v20120104-1859,"",1346601408558
activated,view,org.eclipse.jdt.ui,3.7.2.v20120109-1427,"org.eclipse.jdt.ui.PackageExplorer",1346601412090
executed,command,org.eclipse.ui,3.7.0.v20110928-1505,"org.eclipse.ui.file.refresh",1346601414845
deactivated,workbench,org.eclipse.ui.workbench,3.7.1.v20120104-1859,"",1346601415424
activated,workbench,org.eclipse.ui.workbench,3.7.1.v20120104-1859,"",1346601448238
deactivated,workbench,org.eclipse.ui.workbench,3.7.1.v20120104-1859,"",1346601483621
activated,workbench,org.eclipse.ui.workbench,3.7.1.v20120104-1859,"",1346601491377
deactivated,workbench,org.eclipse.ui.workbench,3.7.1.v20120104-1859,"",1346601501122
activated,workbench,org.eclipse.ui.workbench,3.7.1.v20120104-1859,"",1346601504812
activated,view,org.eclipse.ui.console,3.5.100.v20111007_r372,"org.eclipse.ui.console.ConsoleView",1346601510998
deactivated,workbench,org.eclipse.ui.workbench,3.7.1.v20120104-1859,"",1346601515747
closed,workbench,org.eclipse.ui.workbench,3.7.1.v20120104-1859,"",1346601520239
stopped,bundle,org.eclipse.jst.ws.axis.creation.ui,1.0.700.v201104070312,"org.eclipse.jst.ws.axis.creation.ui",1346601521916
stopped,bundle,org.eclipse.jst.ws.axis.consumption.ui,1.0.505.v201004211805,"org.eclipse.jst.ws.axis.consumption.ui",1346601521916
stopped,bundle,org.eclipse.jst.ws.axis.consumption.core,1.0.407.v201104071820,"org.eclipse.jst.ws.axis.consumption.core",1346601521917
stopped,bundle,org.eclipse.jst.ws.axis2.creation.ui,1.0.104.v201004211805,"org.eclipse.jst.ws.axis2.creation.ui",1346601521917
stopped,bundle,org.eclipse.jst.ws.axis2.consumption.ui,1.0.103.v201004211805,"org.eclipse.jst.ws.axis2.consumption.ui",1346601521917
stopped,bundle,org.eclipse.jst.ws.axis2.creation.core,1.0.106.v201004211805,"org.eclipse.jst.ws.axis2.creation.core",1346601521917
stopped,bundle,org.eclipse.jst.ws.axis2.consumption.core,1.0.105.v201004211805,"org.eclipse.jst.ws.axis2.consumption.core",1346601521917
stopped,bundle,org.eclipse.jst.ws.axis2.ui,1.0.303.v201003110431,"org.eclipse.jst.ws.axis2.ui",1346601521917
stopped,bundle,org.eclipse.jst.ws.axis2.core,1.0.204.v201004211805,"org.eclipse.jst.ws.axis2.core",1346601521917
stopped,bundle,org.eclipse.jst.ws.cxf.creation.ui,1.0.100.v201104022153,"org.eclipse.jst.ws.cxf.creation.ui",1346601521917
stopped,bundle,org.eclipse.jst.ws.creation.ui,1.0.609.v201103082016,"org.eclipse.jst.ws.creation.ui",1346601521917
stopped,bundle,org.eclipse.jst.ws.cxf.consumption.ui,1.0.0.v201003222311,"org.eclipse.jst.ws.cxf.consumption.ui",1346601521917
stopped,bundle,org.eclipse.jst.ws.consumption.ui,1.1.402.v201201250306,"org.eclipse.jst.ws.consumption.ui",1346601521917
stopped,bundle,org.eclipse.jst.ws.consumption,1.0.603.v201202012024,"org.eclipse.jst.ws.consumption",1346601521917
stopped,bundle,org.eclipse.jst.ws.cxf.consumption.core,1.0.0.v201003222311,"org.eclipse.jst.ws.cxf.consumption.core",1346601521917
stopped,bundle,org.eclipse.jst.ws.cxf.creation.core,1.0.100.v201104022153,"org.eclipse.jst.ws.cxf.creation.core",1346601521917
stopped,bundle,org.eclipse.jst.ws.cxf.ui,1.0.0.v201004171919,"org.eclipse.jst.ws.cxf.ui",1346601521917
stopped,bundle,org.eclipse.jst.ws.cxf.core,1.0.100.v201104022153,"org.eclipse.jst.ws.cxf.core",1346601521917
stopped,bundle,org.eclipse.jst.ws.uddiregistry,1.0.500.v201004211805,"org.eclipse.jst.ws.uddiregistry",1346601521917
stopped,bundle,org.eclipse.jst.ws.ui,1.0.403.v201004211805,"org.eclipse.jst.ws.ui",1346601521918
stopped,bundle,org.eclipse.jst.ws,1.0.509.v201108250610,"org.eclipse.jst.ws",1346601521918
stopped,bundle,org.eclipse.wst.ws.explorer,1.0.607.v201103082002,"org.eclipse.wst.ws.explorer",1346601521918
stopped,bundle,org.eclipse.wst.wsdl.ui,1.2.403.v201108240515,"org.eclipse.wst.wsdl.ui",1346601521918
stopped,bundle,org.eclipse.wst.ws.ui,1.1.200.v201004211805,"org.eclipse.wst.ws.ui",1346601521918
stopped,bundle,org.eclipse.wst.wsi.ui,1.0.502.v201104071820,"org.eclipse.wst.wsi.ui",1346601521918
stopped,bundle,org.eclipse.wst.wsi,1.0.401.v201104071820,"org.eclipse.wst.wsi",1346601521918
stopped,bundle,org.eclipse.wst.ws,1.1.203.v201004211805,"org.eclipse.wst.ws",1346601521919
stopped,bundle,org.eclipse.jst.j2ee.webservice.ui,1.1.500.v201105122000,"org.eclipse.jst.j2ee.webservice.ui",1346601521919
stopped,bundle,org.eclipse.jst.j2ee.webservice,1.1.400.v201004110600,"org.eclipse.jst.j2ee.webservice",1346601521919
stopped,bundle,org.eclipse.wst.ws.parser,1.0.403.v201004211805,"org.eclipse.wst.ws.parser",1346601521919
stopped,bundle,org.eclipse.jpt.dbws.eclipselink.ui,1.0.0.v201104110000,"org.eclipse.jpt.dbws.eclipselink.ui",1346601521919
stopped,bundle,org.eclipse.datatools.enablement.hsqldb.ui,1.0.0.v201108120600,"org.eclipse.datatools.enablement.hsqldb.ui",1346601521919
stopped,bundle,org.eclipse.datatools.enablement.ingres.ui,1.0.0.v201105270214,"org.eclipse.datatools.enablement.ingres.ui",1346601521919
stopped,bundle,org.eclipse.datatools.enablement.postgresql.ui,1.0.0.v201107221506,"org.eclipse.datatools.enablement.postgresql.ui",1346601521919
stopped,bundle,org.eclipse.datatools.enablement.sqlite.ui,1.0.0.v201107221507,"org.eclipse.datatools.enablement.sqlite.ui",1346601521919
stopped,bundle,org.eclipse.jpt.jpa.eclipselink.ui,2.0.1.v201108080010,"org.eclipse.jpt.jpa.eclipselink.ui",1346601521920
stopped,bundle,org.eclipse.jpt.jpa.ui,3.0.2.v201201243020,"org.eclipse.jpt.jpa.ui",1346601521923
stopped,bundle,org.eclipse.datatools.connectivity.db.generic.ui,1.0.1.v201107221459,"org.eclipse.datatools.connectivity.db.generic.ui",1346601521924
stopped,bundle,org.eclipse.datatools.connectivity.apache.derby.ui,1.0.3.v201107221459,"org.eclipse.datatools.connectivity.apache.derby.ui",1346601521924
stopped,bundle,org.eclipse.datatools.enablement.sybase.asa.schemaobjecteditor.examples,2.5.0.200810071,"org.eclipse.datatools.enablement.sybase.asa.schemaobjecteditor.examples",1346601521924
stopped,bundle,org.eclipse.datatools.enablement.sybase.asa.ui,1.0.1.v200906111204,"org.eclipse.datatools.enablement.sybase.asa.ui",1346601521924
stopped,bundle,org.eclipse.datatools.enablement.sybase.ase.ui,1.0.1.v200906020900,"org.eclipse.datatools.enablement.sybase.ase.ui",1346601521924
stopped,bundle,org.eclipse.datatools.enablement.sybase.ui,1.0.0.v200906090452,"org.eclipse.datatools.enablement.sybase.ui",1346601521924
stopped,bundle,org.eclipse.datatools.sqltools.data.ui,1.2.1.v201010270945,"org.eclipse.datatools.sqltools.data.ui",1346601521925
stopped,bundle,org.eclipse.datatools.connectivity.sqm.server.ui,1.1.100.v201107221459,"org.eclipse.datatools.connectivity.sqm.server.ui",1346601521925
stopped,bundle,org.eclipse.datatools.sqltools.ddlgen.ui,1.0.2.v201201131129,"org.eclipse.datatools.sqltools.ddlgen.ui",1346601521925
stopped,bundle,org.eclipse.datatools.sqltools.db.derby.ui,1.0.0.v200906020900,"org.eclipse.datatools.sqltools.db.derby.ui",1346601521925
stopped,bundle,org.eclipse.datatools.sqltools.db.generic.ui,1.0.0.v200906020900,"org.eclipse.datatools.sqltools.db.generic.ui",1346601521925
stopped,bundle,org.eclipse.datatools.sqltools.debugger.core.ui,1.0.0.v201003161000,"org.eclipse.datatools.sqltools.debugger.core.ui",1346601521925
stopped,bundle,org.eclipse.datatools.sqltools.routineeditor.ui,1.0.2.v201111230714,"org.eclipse.datatools.sqltools.routineeditor.ui",1346601521925
stopped,bundle,org.eclipse.datatools.sqltools.sqlbuilder,1.0.3.v201107221520,"org.eclipse.datatools.sqltools.sqlbuilder",1346601521925
stopped,bundle,org.eclipse.datatools.sqltools.debugger.core,1.0.1.v201107221520,"org.eclipse.datatools.sqltools.debugger.core",1346601521925
stopped,bundle,org.eclipse.datatools.sqltools.schemaobjecteditor.ui.pages,1.1.0.200810071,"org.eclipse.datatools.sqltools.schemaobjecteditor.ui.pages",1346601521925
stopped,bundle,org.eclipse.datatools.sqltools.schemaobjecteditor.ui,1.1.1.200810071,"org.eclipse.datatools.sqltools.schemaobjecteditor.ui",1346601521925
stopped,bundle,org.eclipse.datatools.sqltools.sqlscrapbook,1.0.1.v201107221520,"org.eclipse.datatools.sqltools.sqlscrapbook",1346601521925
stopped,bundle,org.eclipse.datatools.sqltools.sqleditor,1.0.2.v201107221520,"org.eclipse.datatools.sqltools.sqleditor",1346601521926
stopped,bundle,org.eclipse.datatools.sqltools.editor.core.ui,1.0.0.v201001150815,"org.eclipse.datatools.sqltools.editor.core.ui",1346601521927
stopped,bundle,org.eclipse.datatools.sqltools.tabledataeditor,1.0.1.v201005250945,"org.eclipse.datatools.sqltools.tabledataeditor",1346601521927
stopped,bundle,org.eclipse.datatools.connectivity.sqm.core.ui,1.2.1.v20110926045,"org.eclipse.datatools.connectivity.sqm.core.ui",1346601521927
stopped,bundle,org.eclipse.jst.j2ee.ejb.annotations.ui,1.1.200.v201004290730,"org.eclipse.jst.j2ee.ejb.annotations.ui",1346601521927
stopped,bundle,org.eclipse.datatools.connectivity.ui.dse,1.1.4.v201107221459,"org.eclipse.datatools.connectivity.ui.dse",1346601521927
stopped,bundle,org.eclipse.jst.j2ee.xdoclet.runtime,1.1.300.v201004280700,"org.eclipse.jst.j2ee.xdoclet.runtime",1346601521927
stopped,bundle,org.eclipse.jst.j2ee.ejb.annotations.xdoclet,1.2.200.v201103302125,"org.eclipse.jst.j2ee.ejb.annotations.xdoclet",1346601521927
stopped,bundle,com.android.ide.eclipse.ndk,20.0.2.v201207191942-407447,"com.android.ide.eclipse.ndk",1346601521928
stopped,bundle,com.google.gdt.eclipse.appengine.swarm_backend,3.0.1.v201206290132-rel-r37,"com.google.gdt.eclipse.appengine.swarm_backend",1346601521928
stopped,bundle,com.google.gdt.eclipse.mobile.android,3.0.1.v201206290132-rel-r37,"com.google.gdt.eclipse.mobile.android",1346601521928
stopped,bundle,overlay.com.android.ide.eclipse.adt.overlay,20.0.2.v201207191942-407447,"overlay.com.android.ide.eclipse.adt.overlay",1346601521928
stopped,bundle,com.android.ide.eclipse.adt,20.0.2.v201207191942-407447,"com.android.ide.eclipse.adt",1346601521928
stopped,bundle,org.eclipse.jst.jsf.apache.trinidad.tagsupport,1.1.200.v201104061711,"org.eclipse.jst.jsf.apache.trinidad.tagsupport",1346601521928
stopped,bundle,org.eclipse.jst.jsf.facesconfig.ui,1.2.2.v201103292152,"org.eclipse.jst.jsf.facesconfig.ui",1346601521928
stopped,bundle,org.eclipse.jst.jsf.facelet.ui,1.0.1.v201104032306,"org.eclipse.jst.jsf.facelet.ui",1346601521929
stopped,bundle,org.eclipse.jst.jsf.ui,1.3.2.v201104251204,"org.eclipse.jst.jsf.ui",1346601521929
stopped,bundle,org.eclipse.jst.pagedesigner.jsf.ui,1.2.100.v201104061711,"org.eclipse.jst.pagedesigner.jsf.ui",1346601521929
stopped,bundle,org.eclipse.jst.pagedesigner,1.3.104.v201201181342,"org.eclipse.jst.pagedesigner",1346601521929
stopped,bundle,org.eclipse.jst.jsf.common.ui,1.2.100.v201104061711,"org.eclipse.jst.jsf.common.ui",1346601521929
stopped,bundle,org.eclipse.pde.ua.ui,1.0.100.v20110516,"org.eclipse.pde.ua.ui",1346601521929
stopped,bundle,org.eclipse.datatools.connectivity.oda.template.ui,3.2.3.v201201121156,"org.eclipse.datatools.connectivity.oda.template.ui",1346601521929
stopped,bundle,org.eclipse.pde.api.tools.ui,1.0.301.v20110803_r371,"org.eclipse.pde.api.tools.ui",1346601521930
stopped,bundle,org.eclipse.pde.ds.ui,1.0.100.v20111213-1754,"org.eclipse.pde.ds.ui",1346601521930
stopped,bundle,org.eclipse.pde.runtime,3.4.201.v20110928-1516,"org.eclipse.pde.runtime",1346601521930
stopped,bundle,org.eclipse.pde.ui.templates,3.4.400.v20110928-1516,"org.eclipse.pde.ui.templates",1346601521930
stopped,bundle,org.eclipse.pde.ui,3.6.100.v20120103_r372,"org.eclipse.pde.ui",1346601521950
stopped,bundle,org.eclipse.cdt,8.0.2.201202111925,"org.eclipse.cdt",1346601521950
stopped,bundle,org.eclipse.cdt.doc.user,5.1.1.201202111925,"org.eclipse.cdt.doc.user",1346601521950
stopped,bundle,org.eclipse.ui.cheatsheets,3.4.100.v20110425,"org.eclipse.ui.cheatsheets",1346601521950
stopped,bundle,org.eclipse.help.ui,3.5.101.r37_20110819,"org.eclipse.help.ui",1346601521950
stopped,bundle,org.eclipse.help.webapp,3.6.1.r37_20110929,"org.eclipse.help.webapp",1346601521950
stopped,bundle,org.eclipse.epp.mpc.ui,1.1.1.I20110907-0947,"org.eclipse.epp.mpc.ui",1346601521951
stopped,bundle,org.eclipse.epp.usagedata.ui,1.3.1.R201106061540,"org.eclipse.epp.usagedata.ui",1346601521951
stopped,bundle,org.eclipse.ui.intro.universal,3.2.500.v20110510,"org.eclipse.ui.intro.universal",1346601521951
stopped,bundle,org.eclipse.wtp.epp.package.jee.intro,1.3.0.v201006142040,"org.eclipse.wtp.epp.package.jee.intro",1346601521951
stopped,bundle,org.eclipse.ui.intro,3.4.100.v20110425,"org.eclipse.ui.intro",1346601521951
stopped,bundle,org.eclipse.help.base,3.6.2.v201202080800,"org.eclipse.help.base",1346601521951
stopped,bundle,org.eclipse.equinox.http.jetty,2.0.100.v20110502,"org.eclipse.equinox.http.jetty",1346601521951
stopped,bundle,org.eclipse.wst.server.preview,1.1.100.v20091208,"org.eclipse.wst.server.preview",1346601521951
stopped,bundle,com.google.appengine.eclipse.datatools,3.0.1.v201206290132-rel-r37,"com.google.appengine.eclipse.datatools",1346601521951
stopped,bundle,com.google.appengine.eclipse.webtools,3.0.1.v201206290132-rel-r37,"com.google.appengine.eclipse.webtools",1346601521951
stopped,bundle,com.google.gdt.eclipse.appengine.swarm,3.0.1.v201206290132-rel-r37,"com.google.gdt.eclipse.appengine.swarm",1346601521951
stopped,bundle,com.google.gdt.eclipse.appengine.rpc,3.0.1.v201206290132-rel-r37,"com.google.gdt.eclipse.appengine.rpc",1346601521951
stopped,bundle,com.google.gdt.eclipse.gph.e36,3.0.1.v201206290132-rel-r37,"com.google.gdt.eclipse.gph.e36",1346601521951
stopped,bundle,com.google.gdt.eclipse.gph.hge,3.0.1.v201206290132-rel-r37,"com.google.gdt.eclipse.gph.hge",1346601521951
stopped,bundle,com.google.gdt.eclipse.gph.subclipse,3.0.1.v201206290132-rel-r37,"com.google.gdt.eclipse.gph.subclipse",1346601521951
stopped,bundle,com.google.gdt.eclipse.gph.subversive,3.0.1.v201206290132-rel-r37,"com.google.gdt.eclipse.gph.subversive",1346601521951
stopped,bundle,com.google.gdt.eclipse.suite.ext,3.0.1.v201206290132-rel-r37,"com.google.gdt.eclipse.suite.ext",1346601521951
stopped,bundle,com.google.gdt.eclipse.gph,3.0.1.v201206290132-rel-r37,"com.google.gdt.eclipse.gph",1346601521951
stopped,bundle,com.google.gdt.eclipse.maven.e37,3.0.1.v201206290132-rel-r37,"com.google.gdt.eclipse.maven.e37",1346601521951
stopped,bundle,com.google.gdt.eclipse.maven,3.0.1.v201206290132-rel-r37,"com.google.gdt.eclipse.maven",1346601521951
stopped,bundle,com.google.gdt.eclipse.suite,3.0.1.v201206290132-rel-r37,"com.google.gdt.eclipse.suite",1346601521951
stopped,bundle,com.google.gdt.eclipse.appsmarketplace,3.0.1.v201206290132-rel-r37,"com.google.gdt.eclipse.appsmarketplace",1346601521952
stopped,bundle,com.google.gdt.eclipse.managedapis,3.0.1.v201206290132-rel-r37,"com.google.gdt.eclipse.managedapis",1346601521971
stopped,bundle,com.google.appengine.eclipse.core,3.0.1.v201206290132-rel-r37,"com.google.appengine.eclipse.core",1346601522016
stopped,bundle,com.google.gdt.eclipse.login,3.0.1.v201206290132-rel-r37,"com.google.gdt.eclipse.login",1346601522016
stopped,bundle,com.google.gwt.eclipse.oophm,3.0.1.v201206290132-rel-r37,"com.google.gwt.eclipse.oophm",1346601522016
stopped,bundle,com.google.gwt.eclipse.sdkbundle,2.4.0.v201206290132-rel-r37,"com.google.gwt.eclipse.sdkbundle",1346601522016
stopped,bundle,com.google.gwt.eclipse.core,3.0.1.v201206290132-rel-r37,"com.google.gwt.eclipse.core",1346601522161
stopped,bundle,com.google.gdt.eclipse.core,3.0.1.v201206290132-rel-r37,"com.google.gdt.eclipse.core",1346601522162
stopped,bundle,com.google.gdt.eclipse.platform,3.0.1.v201206290132-rel-r37,"com.google.gdt.eclipse.platform",1346601522162
stopped,bundle,com.google.gdt.eclipse.platform.e37,3.0.1.v201206290132-rel-r37,"com.google.gdt.eclipse.platform.e37",1346601522162
stopped,bundle,org.eclipse.m2e.jdt,1.0.200.20111228-1245,"org.eclipse.m2e.jdt",1346601522162
stopped,bundle,org.eclipse.m2e.core.ui,1.0.200.20111228-1245,"org.eclipse.m2e.core.ui",1346601522162
stopped,bundle,org.eclipse.m2e.core,1.0.200.20111228-1245,"org.eclipse.m2e.core",1346601522162
stopped,bundle,org.eclipse.jst.ws.jaxws.ui,1.0.100.v201104032053,"org.eclipse.jst.ws.jaxws.ui",1346601522162
stopped,bundle,org.eclipse.jst.ws.jaxws.core,1.0.100.v201104031139,"org.eclipse.jst.ws.jaxws.core",1346601522162
stopped,bundle,org.eclipse.mylyn.bugzilla.ui,3.7.1.v20120425-0100,"org.eclipse.mylyn.bugzilla.ui",1346601522163
stopped,bundle,org.eclipse.mylyn.bugzilla.core,3.7.1.v20120425-0100,"org.eclipse.mylyn.bugzilla.core",1346601522163
stopped,bundle,org.eclipse.mylyn.commons.xmlrpc,3.7.1.v20120425-0100,"org.eclipse.mylyn.commons.xmlrpc",1346601522163
stopped,bundle,org.eclipse.datatools.enablement.oda.ws.ui,1.2.3.v201112061438,"org.eclipse.datatools.enablement.oda.ws.ui",1346601522163
stopped,bundle,org.eclipse.datatools.enablement.oda.ws,1.2.3.v201112061438,"org.eclipse.datatools.enablement.oda.ws",1346601522163
stopped,bundle,org.eclipse.wst.wsdl,1.2.202.v201108230355,"org.eclipse.wst.wsdl",1346601522163
stopped,bundle,org.eclipse.wst.wsdl.validation,1.1.502.v201104071820,"org.eclipse.wst.wsdl.validation",1346601522163
stopped,bundle,org.eclipse.wst.xsl.exslt.ui,1.0.0.v201006012005,"org.eclipse.wst.xsl.exslt.ui",1346601522163
stopped,bundle,org.eclipse.wst.xsl.jaxp.debug.ui,1.0.200.v201103081922,"org.eclipse.wst.xsl.jaxp.debug.ui",1346601522163
stopped,bundle,org.eclipse.wst.xsl.ui,1.1.200.v201103082057,"org.eclipse.wst.xsl.ui",1346601522164
stopped,bundle,org.eclipse.wst.xml.xpath.ui,1.1.100.v201105030025,"org.eclipse.wst.xml.xpath.ui",1346601522164
stopped,bundle,org.eclipse.wst.xsl.debug.ui,1.0.200.v201101281837,"org.eclipse.wst.xsl.debug.ui",1346601522164
stopped,bundle,org.eclipse.wst.xsl.jaxp.launching,1.0.200.v201103081922,"org.eclipse.wst.xsl.jaxp.launching",1346601522164
stopped,bundle,org.eclipse.wst.xsl.launching,1.0.200.v201103081922,"org.eclipse.wst.xsl.launching",1346601522164
stopped,bundle,org.eclipse.wst.xsl.core,1.1.100.v201102270516,"org.eclipse.wst.xsl.core",1346601522164
stopped,bundle,org.eclipse.wst.xml.xpath.core,1.2.1.v201109010357,"org.eclipse.wst.xml.xpath.core",1346601522164
stopped,bundle,org.eclipse.datatools.enablement.oda.xml.ui,1.2.3.v201112071047,"org.eclipse.datatools.enablement.oda.xml.ui",1346601522165
stopped,bundle,org.eclipse.datatools.enablement.oda.xml,1.2.3.v201112061438,"org.eclipse.datatools.enablement.oda.xml",1346601522165
stopped,bundle,org.eclipse.jst.jsf.facelet.core,1.0.100.v201104191527,"org.eclipse.jst.jsf.facelet.core",1346601522165
stopped,bundle,org.eclipse.jst.jsf.core,1.3.105.v201108261005,"org.eclipse.jst.jsf.core",1346601522166
stopped,bundle,org.eclipse.jst.jsf.standard.tagsupport,1.2.100.v201104061711,"org.eclipse.jst.jsf.standard.tagsupport",1346601522166
stopped,bundle,org.eclipse.jst.pagedesigner.jsp.core,1.2.0.v20100308,"org.eclipse.jst.pagedesigner.jsp.core",1346601522167
stopped,bundle,org.eclipse.jst.jsf.common,1.2.3.v201104061039,"org.eclipse.jst.jsf.common",1346601522167
stopped,bundle,org.eclipse.wst.jsdt.web.support.jsp,1.0.400.v201102241833,"org.eclipse.wst.jsdt.web.support.jsp",1346601522167
stopped,bundle,org.eclipse.jst.jsp.ui,1.1.602.v201112071516,"org.eclipse.jst.jsp.ui",1346601522167
stopped,bundle,org.eclipse.jst.jsp.core,1.2.402.v201112071853,"org.eclipse.jst.jsp.core",1346601522174
stopped,bundle,org.eclipse.wst.jsdt.web.ui,1.0.401.v201108152113,"org.eclipse.wst.jsdt.web.ui",1346601522175
stopped,bundle,org.eclipse.jpt.jaxb.eclipselink.ui,1.1.0.v201105110000,"org.eclipse.jpt.jaxb.eclipselink.ui",1346601522175
stopped,bundle,org.eclipse.jpt.jaxb.ui,1.1.2.v201201260000,"org.eclipse.jpt.jaxb.ui",1346601522175
stopped,bundle,org.eclipse.jst.ejb.ui,1.1.601.v201201261600,"org.eclipse.jst.ejb.ui",1346601522175
stopped,bundle,org.eclipse.jst.servlet.ui,1.1.502.v201202011054,"org.eclipse.jst.servlet.ui",1346601522175
stopped,bundle,org.eclipse.jst.ws.jaxws.dom.integration,1.0.101.v201201031437,"org.eclipse.jst.ws.jaxws.dom.integration",1346601522175
stopped,bundle,org.eclipse.jst.jee.ui,1.0.401.v201202011107,"org.eclipse.jst.jee.ui",1346601522176
stopped,bundle,org.eclipse.jst.j2ee.navigator.ui,1.1.501.v201107261503,"org.eclipse.jst.j2ee.navigator.ui",1346601522176
stopped,bundle,org.eclipse.jst.j2ee.jca.ui,1.1.400.v201004150700,"org.eclipse.jst.j2ee.jca.ui",1346601522176
stopped,bundle,org.eclipse.jst.j2ee.ui,1.1.503.v201201190400,"org.eclipse.jst.j2ee.ui",1346601522176
stopped,bundle,org.eclipse.wst.web.ui,1.1.500.v201111030500,"org.eclipse.wst.web.ui",1346601522176
stopped,bundle,org.eclipse.wst.html.ui,1.0.602.v201202091936,"org.eclipse.wst.html.ui",1346601522176
stopped,bundle,org.eclipse.wst.css.ui,1.0.601.v201201101544,"org.eclipse.wst.css.ui",1346601522176
stopped,bundle,org.eclipse.wst.jsdt.web.core,1.0.401.v201108152113,"org.eclipse.wst.jsdt.web.core",1346601522176
